Date,Open,High,Low,Close,Volume,No_of_Trades,Delivery_Pct
2023-11-29,59.68354415893555,59.68354415893555,49.73628679911295,49.73628679911295,579810954,8719,50.45013578511159
2023-11-30,64.95559692382812,68.53660823903527,60.23064564121381,63.96087113687305,391471914,3986,47.918571410206255
2023-12-01,62.41904067993164,68.03924267332624,61.97141333446681,66.64662510845291,144125388,14968,56.2378392266019
2023-12-04,64.20954895019531,65.5524271687643,62.81693140943097,64.55770143809764,59388902,4301,66.80541332169437
2023-12-05,62.71745681762695,64.65717275932212,62.518510911759684,64.55770170367725,36397214,4150,62.69946882218719
2023-12-06,63.81166076660156,64.6074368428669,61.17563591269499,63.165087487091576,47249714,16038,52.34096755421808
2023-12-07,63.86138916015625,64.50796240582655,63.11534865338077,63.81165742689243,23388127,3702,78.13725399077487
2023-12-08,70.476318359375,73.31128524874278,63.861390558080004,63.861390558080004,232352550,13508,75.10142071496894
2023-12-11,84.55168914794922,84.55168914794922,73.0128719114719,73.60970584644991,193564938,16320,55.856029463008326
2023-12-12,101.31282043457031,101.4620308212562,92.06187511906674,93.50422448233415,352556081,9213,55.91439066362936
2023-12-13,111.40928649902344,111.40928649902344,98.37838039955803,104.04831426607832,200767357,4419,63.292452920730966
2023-12-14,119.66551208496094,122.55021072056078,113.19979463840697,120.66023784596923,233953872,11335,76.21013540900617
2023-12-15,107.72880554199219,120.36181997475467,107.72880554199219,119.76498602163656,107529568,12489,55.24908081791744
2023-12-18,110.16587829589844,113.59767914394601,97.7815455773038,101.46202786619992,167648627,10780,70.28331067943046
2023-12-19,111.8569107055664,115.58713237323744,110.76271386754732,112.40401291915366,47989953,12917,60.45910285580667
2023-12-20,104.39646911621094,114.09504561436019,102.75517762631011,113.39874059374502,54934849,4745,71.59864163987979
2023-12-21,109.32036590576172,110.66324420525278,99.47257906090138,101.4620306421194,50301973,12142,78.76127351763479
2023-12-22,109.27062225341797,111.21034202178532,107.67906256930091,110.71297914617655,25157149,12885,52.58275036225966
2023-12-26,101.41228485107422,105.19224565004762,99.82072520540568,103.30226525056092,98548301,7720,73.69719582024364
2023-12-27,99.27363586425781,103.79963360906225,96.83655315014272,103.45148110394736,55795339,11410,68.31020757472069
2023-12-28,96.78681945800781,100.16888096978714,95.04604937846922,99.3233655918423,51912306,6503,74.48730431489521
2023-12-29,102.2578125,105.09277943521721,95.49367420794196,96.98576286744105,85731200,11068,46.4122097390181
2024-01-01,104.09805297851562,106.98275921909858,101.56149923836476,102.80490644644748,49275011,14978,69.54376535480483
2024-01-02,102.95411682128906,104.84409729525974,101.21334673010786,104.74462623645188,23688907,5987,45.73256374028009
2024-01-03,101.2630844116211,103.00385447456733,99.67151713988893,102.95411515139251,24148229,4562,76.63437560046816
2024-01-04,103.84937286376953,105.6896140374134,101.90965304088375,102.15833448567767,37518306,5177,60.47735862274158
2024-01-05,104.5456771850586,106.68433911403346,103.45148035300214,104.44620612562716,32759854,15427,65.93997622622169
2024-01-08,103.35200500488281,105.7393482779489,102.60596070637186,105.24198541227493,22377695,13612,52.04141063858032
2024-01-09,102.75517272949219,104.29699308428017,102.0588601529044,104.14778270435743,14941191,7306,78.96643073983424
2024-01-10,102.2578125,103.2525382729994,100.66624519187667,102.95411750543742,14828774,6892,67.50738984730663
2024-01-11,102.85464477539062,105.83882204591944,102.4567529548224,102.85464477539062,19177567,14258,58.67802322989918
2024-01-12,110.16587829589844,111.90664838183814,103.25253727597143,103.7499001576685,82669666,9052,56.593030192379544
2024-01-15,110.16587829589844,110.16587829589844,110.16587829589844,110.16587829589844,0,12860,65.73438627493793
2024-01-16,118.8697280883789,126.72806309489776,116.13423225370909,124.34071975771852,109786020,15041,77.4792642516991
2024-01-17,123.54493713378906,124.93755472438367,113.69715811914257,117.92474262574618,81578431,5733,77.37771148815195
2024-01-18,122.40100860595703,125.73333840596821,115.3881889163284,124.34072081500905,55701971,14316,53.967961290091154
2024-01-19,134.63613891601562,134.63613891601562,123.04757459927188,123.54493748381083,111113228,7476,49.05146913561336
2024-01-23,153.2375030517578,155.42589664079821,143.33998498933383,155.42589664079821,120793026,12143,47.456297695757684
2024-01-24,160.8968963623047,160.8968963623047,147.7665189838561,156.66931175927658,73799763,11046,69.56633946776815
2024-01-25,168.90443420410156,168.90443420410156,165.12447334488198,166.11919908792342,9149447,17203,50.589224279109224
2024-01-29,177.3098602294922,177.3098602294922,174.9722487077373,176.86223668953974,7515722,16450,57.3479484268216
2024-01-30,172.23675537109375,186.1629156956323,168.50653385559235,183.8253193195709,100689188,14497,75.6335733351618
2024-01-31,180.8411407470703,180.8411407470703,168.70548987690626,173.97752410318262,51527355,16429,57.75599175594531
2024-02-01,184.82005310058594,189.84342132907838,176.86224685451816,182.03481787880006,119539925,12723,52.796758347119756
2024-02-02,194.02127075195312,194.02127075195312,185.3174199828296,190.39051246698918,59779078,10849,72.88603644793338
2024-02-05,203.71983337402344,203.71983337402344,192.18100878744062,202.8245711063707,27925173,16920,72.48340632292371
2024-02-06,208.34530639648438,213.66709525826923,197.00543885822887,213.66709525826923,71926776,11309,66.49073899733008
2024-02-07,197.95042419433594,212.02578748155375,197.95042419433594,212.02578748155375,40621079,16079,75.18699331687006
2024-02-08,188.0529022216797,190.93760076627444,188.0529022216797,188.99788862916347,8349479,10626,60.17749810155021
2024-02-09,178.6527557373047,178.6527557373047,178.6527557373047,178.6527557373047,4080213,3775,77.55731664145358
2024-02-12,169.74993896484375,169.74993896484375,169.74993896484375,169.74993896484375,3358365,9849,54.56409439314495
2024-02-13,161.29476928710938,161.29476928710938,161.29476928710938,161.29476928710938,2750096,7642,69.98533175030114
2024-02-14,167.760498046875,169.35206537873373,153.2375106514856,153.2375106514856,53059961,10128,46.301717456966635
2024-02-15,176.11619567871094,176.11619567871094,176.11619567871094,176.11619567871094,5249920,7090,52.037123036364285
2024-02-16,177.01144409179688,184.7205686505932,170.44626325193718,174.07700616636873,74074391,4831,68.17582991906919
2024-02-19,177.4093475341797,181.3385112985079,172.7838635866983,178.05591321475254,24033651,4034,50.73005187378652
2024-02-20,174.1267547607422,178.85170232254814,173.33097108309158,178.7024843451886,12824200,8836,50.969648570982216
2024-02-21,165.4228973388672,175.3701549638344,165.4228973388672,171.5404547068978,30569754,5792,48.88599113981696
2024-02-22,166.9149932861328,170.5954757327515,159.15612896349995,166.11920960565305,27560147,10095,70.03555774803115
2024-02-23,158.60902404785156,161.1953171710238,158.60902404785156,159.75296781238623,15227080,10938,69.75671942291902
2024-02-26,150.70095825195312,150.70095825195312,150.70095825195312,150.70095825195312,7605436,13086,58.680770935304565
2024-02-27,154.0830078125,158.21112865362326,145.82679648687332,145.82679648687332,154589413,9977,72.24420938741002
2024-02-28,148.4628143310547,157.6640272795455,147.31888581959333,155.9729965841335,30930219,13698,48.94250910380709
2024-02-29,149.25860595703125,151.79515972544579,141.05211829224422,148.9601851881041,62619592,4686,54.325445125834406
2024-03-01,156.42062377929688,156.71904453918017,150.05438506723468,152.64066290349916,24614814,5334,75.9155866585928
2024-03-04,152.09356689453125,159.95190972571834,152.04384274778636,159.95190972571834,20299727,15127,78.52660371427055
2024-03-05,146.02574157714844,153.43644529989288,145.22995794997965,150.20358664689675,22487081,15500,46.113126256695196
2024-03-06,141.00238037109375,148.81098387390375,139.26161024305557,146.42363287703623,28753729,15296,77.1928221664333
2024-03-07,147.169677734375,148.01520072800108,139.41081352935632,141.3008016391349,22757080,4608,64.40890085762295
2024-03-11,140.35580444335938,148.1146528769119,140.05738369322816,148.1146528769119,17124387,14214,69.15883293967003
2024-03-12,133.34298706054688,142.7431421676313,133.34298706054688,142.7431421676313,32417965,12385,69.0192483114079
2024-03-13,126.6783218383789,135.78006390359369,126.6783218383789,133.04456811066416,33355997,5082,50.016622982816145
2024-03-14,131.6022186279297,132.6964078365255,120.41155403675047,121.90364264890769,64900398,8013,70.88054044659732
2024-03-15,128.07093811035156,132.6964066969936,126.03174732225287,129.31434527647147,22010436,15034,56.75354444344055
2024-03-18,132.44772338867188,134.2879720398005,127.12594990000647,128.86671990792982,20658376,7418,57.1844272755969
2024-03-19,128.66778564453125,132.09958654800758,127.97146545626028,131.30380288877706,12511667,13266,63.01875601714765
2024-03-20,125.13650512695312,129.21487168430923,123.74388752861483,127.32489878923089,14062942,16994,69.31438602273394
2024-03-21,131.35354614257812,131.35354614257812,125.83281486576946,126.57885922268113,19716558,15880,78.01761322499483
2024-03-22,137.91871643066406,137.91871643066406,131.50273850608212,132.99482710148772,22898920,3207,71.25522436364453
2024-03-26,140.0076446533203,143.688126770179,138.6150347209878,140.65421029797972,21428828,7118,57.9444010099121
2024-03-27,135.28269958496094,143.6383896644727,134.28797385271858,142.14630106610917,23110828,9358,70.97976902662289
2024-03-28,135.1832275390625,138.76424642125804,134.78534329806783,137.5208391952611,13307678,8816,61.63903161920716
2024-04-01,141.8976287841797,141.8976287841797,136.97373912769507,137.2721599022753,15806364,16488,48.10587958341054
2024-04-02,148.96018981933594,148.96018981933594,145.67759161570166,145.67759161570166,10211472,16803,70.24494091709042
2024-04-03,156.37088012695312,156.37088012695312,146.32415946331307,148.06492947307498,26027259,12707,64.30030205054524
2024-04-04,157.51483154296875,164.179491157512,153.68513126219813,162.98582327074928,54231026,17760,71.83714536130232
2024-04-05,175.5193634033203,180.19457160179365,160.15085291400504,161.14557870850194,142812761,12681,46.27434614208152
2024-04-08,173.38070678710938,182.68138373907885,169.94890587588404,181.04009227058742,59008202,15275,62.521111996879576
2024-04-09,168.35733032226562,174.275945398376,165.82077666727255,174.275945398376,34261082,3163,58.44832845446516
2024-04-10,165.52235412597656,169.55099633711373,164.1297441860252,168.55627061477418,18676248,12462,47.54947727244625
2024-04-12,166.31814575195312,172.08755825512824,163.38370776534575,164.52763632982143,27576778,9581,66.41954706191416
2024-04-15,157.76351928710938,162.23978542500996,152.44173014072527,159.4545501257651,44926047,14015,75.47486832145574
2024-04-16,159.2058563232422,162.6376570604146,154.67985121036375,155.1772140759919,22634141,16005,54.81563889719861
2024-04-18,162.2895050048828,168.80496190232347,161.64293931893144,163.13502798956773,30562725,12186,75.14973810810585
2024-04-19,159.85243225097656,162.09056529014856,156.32115264239857,159.1561272300075,20720974,10156,45.6029088357084
2024-04-22,169.60073852539062,178.05590730818136,168.3573313514508,178.05590730818136,62935305,15430,54.10138134159173
2024-04-23,167.06419372558594,171.59019911470858,166.61657015486196,171.59019911470858,26323408,11969,70.33633275901676
2024-04-24,165.7213134765625,170.04836131563155,164.7763118859253,167.66102562361485,21484168,11502,50.68206637980616
2024-04-25,166.36788940429688,169.5012695908112,164.52764061011473,165.6218450571924,17047847,15772,52.57236173115331
2024-04-26,169.74993896484375,173.7288418663654,165.92025402911517,167.51180608273782,40701192,11368,64.95232475740193
2024-04-29,180.44325256347656,191.18629415071456,179.15012117676903,186.11320171945707,103326709,9728,70.08070575229124
2024-04-30,177.3098602294922,183.32795389285923,176.5140766149601,181.73638666379506,31699020,12850,77.27915954994077
2024-05-02,180.44325256347656,183.47716926416712,175.3204208069662,178.50354030510425,32180611,16380,70.07794725918933
2024-05-03,178.70248413085938,182.73112666175592,176.7627718540014,181.8358795119172,18860176,13402,66.46248226664221
2024-05-06,171.3415069580078,177.8569635238582,166.66629906361098,177.8569635238582,35683685,16295,70.15372852563777
2024-05-07,166.8155059814453,172.93307847814663,165.3234173498075,171.34151119974211,18264182,16917,49.58831878197675
2024-05-08,169.99862670898438,173.08228264349734,164.22922943018293,164.77631645680987,20738689,12943,46.814133159358384
2024-05-09,163.93080139160156,171.0430842052592,162.88633635185138,170.54572134616959,12181730,4285,51.027619500497714
2024-05-10,163.83132934570312,166.5170858572765,159.70322352035055,165.1244758670712,13237010,11818,55.636090315948906
2024-05-13,162.23977661132812,164.3286915885479,157.86297418505296,164.12974947333325,12640558,6936,61.200608163853744
2024-05-14,172.23675537109375,173.8283226223651,163.13502094459443,163.63238381332795,20644658,12050,69.57925779278779
2024-05-15,171.09283447265625,174.9722589504212,170.19758734034463,174.07701181810955,14330210,17988,68.28170256516877
2024-05-16,170.247314453125,173.33097050181314,169.60074875500223,173.03254972640605,11865626,16701,58.65263755058596
2024-05-17,174.0272674560547,177.55854691495537,169.7996830056986,171.04309019697982,26994094,5332,52.43861622315612
2024-05-21,182.68138122558594,183.82532496579557,173.67912516765165,176.06646093957588,47989916,12502,65.70471550237515
2024-05-22,187.85397338867188,192.13128218573485,181.58719781343174,185.01899878753835,73020031,17152,67.42783042442178
2024-05-23,188.0529022216797,193.57363305677254,186.21265355054535,188.2021050097997,40572853,6101,75.74527858849827
2024-05-24,184.5713653564453,193.42441843173918,183.2284795269263,188.69947113438687,33110360,12746,68.7024370421561
2024-05-27,192.28048706054688,195.76202712307713,189.49525197486065,189.49525197486065,46470616,17562,46.39765628313363
2024-05-28,183.92478942871094,195.16519370369377,181.38825084921194,193.7725836922704,38059308,15001,76.0685982574933
2024-05-29,184.27294921875,185.31741431476135,177.55855025936236,182.03481623228745,23919211,10275,59.51940459344666
2024-05-30,180.34378051757812,184.82004636792905,179.89615696820508,184.02426273664904,15258803,11361,50.36272561214718
2024-05-31,183.8253173828125,185.01898521953458,175.17120659368982,181.537445175081,24117438,12809,69.24581118247542
2024-06-03,190.8878631591797,199.1938291475163,188.40104881276875,198.9451477128752,45427419,6082,67.0144031111092
2024-06-04,166.56683349609375,188.99790349975302,153.18777441558927,188.99790349975302,87754131,5445,75.7830822987421
2024-06-05,171.7891387939453,173.7785903495864,154.1824955621839,167.11393067385094,43855047,10169,56.18554890081809
2024-06-06,177.35960388183594,181.04008611331264,174.82305018909173,175.56909449999824,22320317,7798,57.22591635075266
2024-06-07,179.8961639404297,181.537455411179,173.92780924197996,177.70775507501605,19795848,9693,69.84852477525456
2024-06-10,177.60829162597656,181.73639755493113,177.06118940955452,181.28877398815342,14840898,15956,61.43635754501322
2024-06-11,179.2794189453125,182.0348135423005,177.65802628255298,179.74694126539637,16956779,16752,47.972263383277955
2024-06-12,181.61703491210938,185.15825626385643,178.97106069191696,179.49826414156968,20214465,6981,51.30243546067692
2024-06-13,179.11032104492188,183.02954303629397,178.31453738736278,182.53218014760841,12309733,10619,64.99896717501603
2024-06-14,178.1653289794922,181.33850653787403,176.56381992124315,179.3092575161085,15913225,9559,50.59624523101033
2024-06-18,177.09103393554688,180.80135694006447,176.77272957051474,179.24958711204366,14305706,11209,72.26030955288816
2024-06-19,174.85289001464844,177.84700903901646,172.30639453928677,177.81716848097005,10800398,10556,52.96317402693697
2024-06-20,176.5538787841797,180.03541890824278,173.8780640888701,175.70835582558308,14018198,3722,76.802744992176
2024-06-21,186.5508575439453,189.9926152632971,177.30986215017126,177.30986215017126,94311893,15847,61.89678996497595
2024-06-24,188.63978576660156,194.36940047490896,187.40632040416364,190.9873390832995,35818533,17769,73.08835037416891
2024-06-25,184.07400512695312,189.79367825326992,183.52690292268682,189.39577884184416,16110541,6426,53.466714704157056
2024-06-26,193.6631622314453,198.38810963020154,182.13429422127467,184.074006433523,100559239,16967,46.460292024978095
2024-06-27,192.36007690429688,204.0182643032428,191.2459737053285,194.96625360046815,66090155,9086,56.25058288556791
2024-06-28,189.43557739257812,194.6678294599495,187.76443021220902,194.26994522469099,24355673,14345,56.686372652195494
2024-07-01,195.07566833496094,200.7555590719862,193.58357970311278,198.9451509130881,34096446,8505,55.21742509925771
2024-07-02,204.26693725585938,207.89768014398769,191.7831261541349,196.11017402622215,65912468,11074,66.85289859508765
2024-07-03,221.9332733154297,224.68866802478033,207.64901025439045,210.9813477477614,159681424,3032,63.93640087342257
2024-07-04,219.32708740234375,227.27493647858213,217.25805600848807,222.0526262596366,68381930,12192,49.415045914644296
2024-07-05,227.63304138183594,230.77637845531498,218.1035666914649,219.6652934347042,55309588,12765,61.174835107933646
2024-07-08,245.08053588867188,247.53750971292163,230.57743258809242,230.7763747030364,97684592,15292,64.4326953063003
2024-07-09,239.26138305664062,252.66034010231564,226.8074124363161,249.68610465030534,72152055,16087,78.82981007283651
2024-07-10,245.9757843017578,248.23381602305878,228.78692441234716,240.27600995654237,70516062,17590,59.90235407926023
2024-07-11,282.1937561035156,287.80399366054814,240.2760127652714,247.0799333888835,200719317,15229,49.986805976189146
2024-07-12,282.7607421875,302.8939809967801,273.5992964720134,281.4078994261772,227015725,11605,64.45268781639382
2024-07-15,288.122314453125,308.3649900313457,285.3669349867125,298.41773228839907,106576924,14771,74.57751132446211
2024-07-16,270.64495849609375,287.1773253371603,268.77489965618184,287.1773253371603,73797972,17344,51.19160677067362
2024-07-18,256.04241943359375,265.97975099604344,250.67090608873124,265.97975099604344,89133329,12480,57.47535428597847
2024-07-19,270.6648864746094,277.52848817536403,249.92484822243804,252.1629811915942,107729154,7417,67.24617961560124
2024-07-22,268.4267578125,278.403856171939,264.8954630794194,272.5548637283014,38163945,12835,73.82211730778822
2024-07-23,257.28582763671875,281.4079288059438,230.77639056743112,271.2617436415219,106704297,11479,73.13055480701269
2024-07-24,267.8398742675781,271.4507337199323,260.4191980634554,260.4191980634554,35527332,10391,50.37976922450329
2024-07-25,259.8024597167969,266.8351779362508,258.6286906371862,264.9949292584698,23498679,13176,61.541103222900404
2024-07-26,256.6690979003906,266.68599402869046,255.65448850905628,262.11024926059656,19934107,5467,56.31886088920493
2024-07-29,264.6070251464844,266.9346799229661,255.6544927646518,259.6234390731449,28683160,5502,58.25408421308103
2024-07-30,262.54791259765625,268.52622397168403,261.4139106899899,264.5473210366363,16147525,5215,76.97648777293591
2024-07-31,261.2448425292969,267.32260261515415,260.72756568343846,263.80129512889323,12879999,4457,62.735448805457125
2024-08-01,256.49005126953125,264.00021884860615,254.69952663183582,262.7568116099102,13170422,16986,56.92087026892856
2024-08-02,253.15769958496094,257.08687838128526,250.47194313583162,252.66033671740698,15185550,7583,57.235454671336925
2024-08-05,237.63998413085938,246.2941106090418,233.760559637979,240.67390081288684,34693995,6802,68.86358314532023
2024-08-06,234.70553588867188,248.6814356053549,232.76582372661218,242.71308115082635,20303478,12985,74.50185117666072
2024-08-07,246.940673828125,248.18408104780337,235.2526459631483,244.70254083270393,21802887,13250,50.454271417038505
2024-08-08,246.4930419921875,251.1682499456121,243.30992265230122,247.6867098473561,19944879,17726,74.1158953289237
2024-08-09,242.16598510742188,250.47195133892174,241.2209986637826,250.12379124890748,11933160,3750,67.46619796622221
2024-08-12,246.4433135986328,251.66562397761493,235.6008085974038,238.73418875346871,24208283,9733,67.52689850728686
2024-08-13,239.23155212402344,246.34383544017,238.7341892297947,243.70781817208209,10661503,6326,59.21620049109346
2024-08-14,234.9542236328125,241.32047766223005,233.06425074279002,240.47495468714538,9658732,7445,57.2906453804745
2024-08-16,238.8336639404297,241.37020251650753,236.99341519081366,237.9384016385986,8414689,6557,58.12933565007106
2024-08-19,243.40939331054688,247.98513793190207,239.92785310943643,240.32575252512117,10896632,4019,63.54729844488332
2024-08-20,239.1818084716797,244.65280020921506,238.73418491063438,244.1554373239846,7513400,13985,64.58150707511413
2024-08-21,237.68971252441406,241.56915201718928,237.24208897710045,239.2315404569923,6332911,5072,70.49704388618572
2024-08-22,255.74400329589844,264.29865104801365,244.70254110169284,244.70254110169284,87125691,10535,49.31582738677855
2024-08-23,258.9270935058594,264.39808498133686,255.9429163374171,259.5736895109845,24704533,7750,49.16879155022355
2024-08-26,252.2127227783203,261.0657912649544,251.76509921613513,260.6181525244585,12144509,11995,54.535012097983625
2024-08-27,253.8042755126953,257.13661293148766,249.3777488479895,252.21272337910003,12343641,5815,54.83050990890578
2024-08-28,252.61061096191406,257.03713768521703,251.7153638235601,254.74928051424337,10585106,7905,57.74390678935749
2024-08-29,253.40638732910156,261.5631507027554,251.6656172493138,254.1524316490106,13819601,12416,71.76803101819304
2024-08-30,240.2262725830078,258.1313363780146,236.794471724627,256.63924772843075,45308414,6811,56.72882565346976
2024-09-02,237.66981506347656,240.07706472426418,234.0589709289158,240.07706472426418,16826533,12373,71.66214401270972
2024-09-03,238.03787231445312,238.73417729590415,235.19295609454454,237.7394515571712,9344884,13540,70.99341586937668
2024-09-04,234.2181396484375,237.0729977898654,233.76055910959596,233.76055910959596,8671698,9438,59.06922955915269
2024-09-05,234.0888214111328,237.39130313315601,233.12393618292137,235.43169211737083,7763279,13715,53.539697815603375
2024-09-06,226.2006378173828,234.45686488240415,225.07660799969742,233.06425485239086,14795733,5811,59.26022201601233
2024-09-09,221.99295043945312,227.04615922184482,219.47629543101803,224.8080262174674,15786916,10939,77.75682832495374
2024-09-10,232.26846313476562,238.18707832459327,227.2053126989479,227.56341457686625,30985815,10971,62.74916653307918
2024-09-11,227.6628875732422,238.734190515456,226.54879954122958,238.18708829319587,15692638,11112,70.03616492717546
2024-09-12,231.41299438476562,233.6411854953717,223.61434826510958,230.08006554265143,12505012,12776,47.760693697910945
2024-09-13,230.3685302734375,234.2081722334636,228.60787664362866,231.27373433880533,8982424,17412,70.70554518425232
2024-09-16,227.18540954589844,232.57682119719894,226.3001042506875,230.77637004905276,8067727,13103,46.942209694117004
2024-09-17,226.53884887695312,233.76055239307507,223.35571431873947,228.78692361875434,19142098,3157,65.14499330274766
2024-09-18,226.19068908691406,232.09936250705567,225.80274664914268,225.86242776598283,10331172,9346,62.59335066758672
2024-09-19,228.796875,236.2473766803426,224.55934857089406,233.76056218897057,24253906,6050,77.08497062629681
2024-09-20,231.14442443847656,232.7658323155116,226.83725999346316,229.78165497813325,14476821,3764,63.24378988448481
2024-09-23,229.02566528320312,232.1689871607694,227.09589487322415,231.77110292664017,5648228,13427,73.45383726247553
2024-09-24,226.15090942382812,229.20470963883557,225.8027493337074,228.78692663767708,3939928,5010,58.39027515858311
2024-09-25,222.29136657714844,227.3744158127515,221.69452505042648,226.1509073791131,4842465,4571,50.10982445290362
2024-09-26,223.3258819580078,227.69272757502333,215.8554967289535,218.8396741030865,14222826,13517,74.28107126597601
2024-09-27,230.9653778076172,232.76582901376662,222.3212084810976,223.68397792211024,10159834,10579,45.10375827618817
2024-09-30,233.6411895751953,235.75000331317366,225.07660024010332,231.15437519425467,10957632,7130,60.085516856310434
2024-10-01,229.69212341308594,235.7499995043917,228.78691935025353,234.75527376808623,6535085,8874,70.54754224270845
2024-10-03,222.1421661376953,227.28489654478355,221.12754160284467,223.8132981449216,7162150,9232,74.45276800694775
2024-10-04,220.4909210205078,225.4943905019476,216.85022100668357,223.10703951231866,6733533,8235,66.32606569196656
2024-10-07,210.01644897460938,224.40017458141878,208.89240403867535,222.79866554332318,9932387,5843,78.53829052083282
2024-10-08,223.20651245117188,224.2111800035534,204.913506350598,207.0521606610883,14528642,10188,77.96382026546209
2024-10-09,229.9109649658203,232.76582298035774,224.32059599008383,225.20590129086818,11941882,17747,72.33282819730101
2024-10-10,232.4574737548828,235.75001371195032,230.3785004835088,232.3679520760147,10834531,12838,47.100804335379536
2024-10-11,227.4042510986328,238.63469797885284,223.81329058478454,236.7447251519054,19061371,10369,51.03444402630767
2024-10-14,220.33175659179688,228.4885048159665,219.83439371009982,228.27962090550767,8045227,13903,74.44397749194448
2024-10-15,221.50552368164062,224.70854182474721,218.9988257091915,221.52542244665352,5670233,3608,50.35940856803583
2024-10-16,219.94381713867188,223.10703782364166,219.76475860610728,221.49558692211448,3370769,13895,72.64178073223943
2024-10-17,216.56175231933594,223.2164549172078,215.87538911503938,220.8191773663497,4518520,9446,70.54326354550057
2024-10-18,215.00003051757812,219.83439843879444,210.25518427419834,214.7513490713804,5532586,15793,77.30477600194195
2024-10-21,208.92225646972656,217.04916435302957,207.89769012024098,215.04977097922304,4784083,7707,57.05413656655513
2024-10-22,198.46768188476562,208.89240328446346,196.95569452535128,208.89240328446346,10110438,6625,72.5157231575696
2024-10-23,199.36293029785156,202.79473105328526,187.4759607817472,197.9504215733485,14376392,15261,64.1972357744365
2024-10-24,199.1341552734375,201.92933227192307,196.1599197427774,199.32315559916756,6264850,10702,74.635249270587
2024-10-25,190.25125122070312,199.83046554066942,188.9979021757298,198.9252614190331,8488645,3974,49.74560869145283
2024-10-28,197.91064453125,199.39277620434805,187.00844348776212,191.982072303926,7754423,5708,70.85951059775316
2024-10-29,204.2868194580078,208.4049833961565,196.43843401145236,198.7362480321013,9002675,17389,70.09077324246628
2024-10-30,209.10130310058594,210.7127539316664,200.84507647754143,204.4260800108658,7183024,5319,50.41684865884394
2024-10-31,208.93218994140625,212.8215712683736,207.11185517503645,209.7876546939066,5484791,15235,55.24814960052324
2024-11-01,210.86196899414062,211.6080133376308,210.00650420647278,210.44418598318344,1570071,15086,72.68170477336645
2024-11-04,204.29678344726562,210.88186318591738,202.0486934935233,210.88186318591738,5183081,6324,66.08756993729047
2024-11-05,203.69000244140625,205.74907691551743,200.34772320984948,202.91411754642974,4672040,17750,68.26502738364898
2024-11-06,208.79293823242188,210.63318702390796,204.71457158121243,204.90357191073178,5561341,17185,59.1511216082319
2024-11-07,204.89361572265625,210.4640862655142,204.16747013968705,209.3698818158528,5042170,17903,52.83362805228401
2024-11-08,199.5220947265625,204.8637671997491,198.94515196446827,204.41614364349115,3467278,10750,56.52961674753166
2024-11-11,196.42849731445312,201.22306759159494,195.17514831930305,198.42789063063998,4876477,9299,71.46007658654305
2024-11-12,193.46421813964844,199.79067456772748,192.18101341196106,197.42322240660317,3537890,11809,50.49993268218928
2024-11-13,186.60060119628906,194.25998649295246,186.0137166421911,191.97212939347767,6135625,3361,76.92856029244976
2024-11-14,188.85862731933594,194.07099559808537,186.71997307552653,186.9885380936949,4515956,6151,73.1175700201393
2024-11-18,186.53097534179688,191.78312604394137,185.01898796441884,190.98734241488395,4132173,10349,72.31890555024582
2024-11-19,189.1470947265625,192.32027228812007,186.66028035898577,186.66028035898577,3871625,11917,64.51255176295777
2024-11-21,183.60647583007812,188.99788742902467,183.02953308916074,188.98794563598318,4160737,15216,54.63768801123453
2024-11-22,184.52162170410156,186.85923322558534,180.44324016654136,183.62637462430055,6235018,4721,64.6003348525996
2024-11-25,188.96804809570312,195.354185459329,188.0131047166825,191.3752825403115,5629419,11636,68.51670559910721
2024-11-26,189.4256134033203,191.58418159347863,188.26178612107827,189.49525148998157,2768289,8125,60.16750309446635
2024-11-27,196.1499786376953,197.3535883294995,188.5005349745772,189.99262364192214,7167773,15764,70.45275699146575
2024-11-28,207.31080627441406,211.87659402396687,198.9451587079501,198.9451587079501,27498429,16005,55.82005625712682
2024-11-29,204.07794189453125,209.58871596239268,200.93460482964912,209.14109240313726,10682035,12971,48.5861774107012
2024-12-02,202.8743133544922,206.37575223885568,199.93987543231677,202.4266898033655,6828904,15331,58.96735091808619
2024-12-03,205.61976623535156,207.32073876613146,203.58057541442687,204.01825717247632,5755283,6641,47.10930029436543
2024-12-04,215.87539672851562,217.84494955677303,205.27161608903054,206.65428433981552,20170233,5113,69.55152762582429
2024-12-05,219.69512939453125,224.8080191340765,216.00469018958165,219.3469693112738,23333519,12929,45.81754120896051
2024-12-06,220.08306884765625,222.29136119340941,215.1591794955402,219.23754590166322,11933173,11773,53.60036371954148
2024-12-09,220.64012145996094,224.7085462320436,219.30719256585195,220.97832458026127,7410010,11086,77.91923226790126
2024-12-10,219.9835968017578,222.3212084202299,215.9052302732948,220.82911977311426,6277101,8548,58.181101232080294
2024-12-11,224.24102783203125,226.6283788379767,220.52076308693947,220.7296470032442,11364606,15409,72.24401311585197
2024-12-12,219.86422729492188,223.55466643851463,218.8396610053887,223.31592679868075,5545974,15063,60.58782847610023
2024-12-13,216.3329620361328,218.80983473433386,211.57817394173776,218.74019664296918,5854750,17471,75.37314819643512
2024-12-16,215.01992797851562,219.59565745380297,213.98540466875616,216.33295811375083,4636915,13210,62.20084811775105
2024-12-17,211.38916015625,215.59686093722596,210.88185549637018,214.15449648104135,4935296,12464,46.983777635615354
2024-12-18,205.2417755126953,212.82158122863865,204.5852528438925,211.37923185867697,6155093,5558,52.182502175601485
2024-12-19,207.92752075195312,211.6279017285216,198.94514851094863,198.9948878337384,7305551,10092,73.06736794974934
2024-12-20,205.23182678222656,208.68351121704342,202.17801140311926,208.0468873356248,6713257,13475,67.6235156391461
2024-12-23,200.52676391601562,207.64900405725297,199.4524582652443,206.90295973129878,4435629,16938,46.052217975972596
2024-12-24,199.9100341796875,203.27221205472523,199.2933090748691,201.43196335521765,2972880,11840,61.908737794355105
2024-12-26,198.1294708251953,202.4167516272781,197.4530645897716,200.93460477145524,3099729,13130,53.39273172210683
2024-12-27,195.9012908935547,199.93987499477015,195.06572490950535,199.1043090107208,3101323,11059,55.02977910979021
2024-12-30,217.31773376464844,221.3264772850293,194.28983894092343,195.9012897836473,27105385,4540,64.57278279739313
2024-12-31,214.11471557617188,218.42187985259733,210.48397269579783,214.6120784462675,17332627,6771,53.50357011489519
2025-01-01,220.5903778076172,226.44931189326505,213.91577649617128,215.30838648085597,31034531,7182,73.46535833917054
2025-01-02,221.2866973876953,223.8033523250729,218.94908580002345,222.52014760560692,11402806,12074,67.49105549857305
2025-01-03,229.3340301513672,233.0542948307106,219.4464535327264,220.41133874743468,35753765,3546,66.98476325748457
2025-01-06,213.54771423339844,230.5774291959996,212.27446650251557,230.22926911623668,22955524,7538,47.61220175118929
2025-01-07,217.56642150878906,221.72436793950897,212.51321277857602,214.56234543511727,18450188,4787,54.75806786028152
2025-01-08,222.20184326171875,224.7881211090351,214.46287812810888,219.74486944086647,26174024,10287,70.64963571644721
2025-01-09,214.95028686523438,226.10116936670462,212.53311054244497,223.7138184242827,20675319,9858,46.64816766335582
2025-01-10,200.08908081054688,221.6845837664354,197.56248405534728,216.85021595947254,39003840,4887,50.48022762736422
2025-01-13,198.82579040527344,211.2300218866297,195.51335179242352,199.4126749627663,43890423,9250,70.5028239878195
2025-01-14,205.17213439941406,208.69347216872012,199.5419980069365,203.1230017163418,21359771,10257,74.5877099198393
2025-01-15,202.4863739013672,208.7829898029779,201.43196702104598,206.9029587179139,12280297,11340,71.29611053545453
2025-01-16,203.11305236816406,207.87778200985468,202.27748638487847,204.37635831466443,10658871,8340,50.24439404592573
2025-01-17,206.00770568847656,211.42895790589748,202.4266869729142,203.71983346344007,15014491,8911,78.92477903223158
2025-01-20,206.7935333251953,208.693463129954,205.17212551316132,207.41025842647,8490063,3297,49.25744421133151
2025-01-21,204.35646057128906,208.4945233353544,201.929327312014,207.6987396994479,9153091,4176,65.13093268324603
2025-01-22,199.2037811279297,205.36113619305803,196.52798150413253,204.4161497287576,9878925,9635,63.0281086401911
2025-01-23,195.80181884765625,200.6361867444838,194.00136761479746,197.46300907847927,12827023,7930,70.87116214041204
2025-01-24,193.85215759277344,197.3237407206481,192.97679408214566,195.80181154859497,6815563,5591,49.01161946197195
2025-01-27,185.91424560546875,191.47477435272023,183.45727166973955,191.08683189856882,9542892,8391,49.791968074232955
2025-01-28,185.50640869140625,188.98794878092983,176.3947172714587,186.90896044909854,13364939,13188,57.15483757916145
2025-01-29,191.12660217285156,193.85215615175727,186.0833505876166,186.51107536820544,8533081,17741,78.94288788174342
2025-01-30,195.0159912109375,196.4583405489257,191.43497234986063,191.58419032308677,7011204,8433,59.67487465584806
2025-01-31,201.0440216064453,202.32721114336215,193.1757372941908,196.95569817358842,12036962,9951,55.53268690908182
2025-02-01,192.8872833251953,207.7982133379556,190.84809240160095,202.87432366861094,18276693,9312,64.04427382303484
2025-02-03,185.5461883544922,190.4800346311957,182.83059137393218,188.2617853350522,10238691,6926,48.1938799897817
2025-02-04,190.86798095703125,193.17573679451593,188.34136906290016,188.99789169790841,5492766,15429,58.67093257293372
2025-02-05,191.81297302246094,195.364136146634,191.48471169530026,192.18101670216646,4292358,8648,50.121236784675524
2025-02-06,187.58538818359375,192.87732140576708,187.05818473791606,192.37001672548593,4789911,3231,58.835498147924675
2025-02-07,187.65501403808594,191.48471439735746,185.54620022230182,188.5801169146494,6614430,12335,55.44850018873191
2025-02-10,183.46722412109375,188.50053410724834,183.02954235215668,187.953431896077,4184538,14438,74.73690529348139
2025-02-11,175.5591583251953,183.47716703183218,174.4848526617113,183.0295434666249,6740799,6727,45.47535748341689
2025-02-12,173.58958435058594,174.97225252944023,163.98054518636678,174.0770054299816,12329378,3663,53.402829958382526
2025-02-13,176.1261444091797,179.94588776659293,174.0670699346018,174.30579440799582,6273935,7547,49.956550704775424
2025-02-14,167.27308654785156,177.28996700464205,166.51708526018479,176.16593722311774,7009023,12935,56.972012271325255
2025-02-17,164.60720825195312,169.7598953854269,161.01624778784836,164.02032371867725,10057327,16555,55.38542841062281
2025-02-18,160.0613250732422,166.09930252066627,158.16139523610204,165.5223597606719,7887434,10352,78.56752962575945
2025-02-19,169.3023223876953,170.45620791939172,156.22168463224432,158.83780307634814,10683483,7664,60.49345253783956
2025-02-20,172.83360290527344,174.6738516550136,169.7101645879595,170.09810703195257,10417876,11500,57.76148785681645
2025-02-21,176.4046630859375,186.71002259297782,171.8886148024654,172.68439844815904,34409096,7938,64.39551920401323
2025-02-24,171.10276794433594,174.6738448628911,170.21746264870927,173.97752470683696,7226968,8048,52.55403380550008
2025-02-25,172.63465881347656,177.50880896981752,171.89855628633126,172.83360092996406,9808750,10294,52.924816188931906
2025-02-27,165.63177490234375,173.57963890433257,164.62710738491143,172.63465250183347,5835588,3289,74.15670307270088
2025-02-28,155.19711303710938,161.4738299807572,150.7009484762092,160.1508429351134,34288352,13959,50.81315287825088
2025-03-03,146.53305053710938,157.7833965509215,142.4646257865195,155.82378557260597,29097095,5832,47.8142478086209
2025-03-04,143.87713623046875,150.50201356891066,143.25045413192913,144.18549879377846,19899282,17464,53.090284592342314
2025-03-05,146.48330688476562,149.07954167111018,144.73259504803266,144.73259504803266,20624159,4143,67.39654332858458
2025-03-06,149.06961059570312,151.6559037747968,148.21414579138548,149.25861092826221,13411147,11186,46.3625120919339
2025-03-07,148.801025390625,152.86945017718188,147.43825593271833,148.99996751043236,14291801,17802,58.396371596138096
2025-03-10,143.19076538085938,149.70622192904807,142.18609786067665,148.38323489060346,9928538,13420,71.03592919861849
2025-03-11,141.2311553955078,142.02693901798733,138.55534074380438,140.46522750907928,12514353,4654,61.76264706973102
2025-03-12,140.51495361328125,143.628450059697,139.4108074265368,142.2457818779459,7642541,4867,48.14003288701491
2025-03-13,139.11241149902344,141.6986895147539,138.47578758364085,141.2510659330228,7255248,8802,71.80410182046333
2025-03-17,137.4313201904297,141.68874540077306,136.28737641327956,139.89823592485502,7494164,14813,67.68819443029372
2025-03-18,137.4313201904297,137.4313201904297,137.4313201904297,137.4313201904297,0,5551,74.65760304962534
2025-03-19,151.06900024414062,151.6956823463029,146.27442984893327,146.7220534169159,17305616,3618,59.96329551278302
2025-03-20,149.16908264160156,153.98355170927394,148.2141392271845,152.31240452862173,13546511,6966,52.28045356544405
2025-03-21,154.00344848632812,155.84368202384107,148.303658988766,149.1690807158086,18386828,6134,73.68716435957664
2025-03-24,169.14315795898438,172.38597358181886,155.40599793372044,155.52537534363577,73222288,11861,49.08808875850686
2025-03-25,169.0536346435547,175.83767140235483,167.2134011515025,171.09282542409693,66572208,4824,77.29374921249669
2025-03-26,162.0607147216797,170.09810047180304,161.39425030146225,169.1033747380498,27974467,7840,78.68414462548377
2025-03-27,160.807373046875,166.51708930318426,159.91211073895028,160.83721360597474,32379027,8549,67.34779585048679
2025-03-28,159.74301147460938,165.89042476882284,158.1614011063406,162.43872505242587,17484881,15043,73.22131708712865
2025-04-01,159.8225860595703,161.54345737467776,157.7734534222209,159.5540058544068,13301120,7424,52.93822526960117
2025-04-02,160.56863403320312,161.24505545820782,156.66931078614525,160.64821391722197,11792518,16215,65.5653343692399
2025-04-03,160.6581573486328,162.37904389875033,157.66403817616697,157.66403817616697,12848277,16477,49.03448275313582
2025-04-04,155.62484741210938,161.73246317921354,153.88407727287256,161.2152166947957,12607809,6797,45.98871731364956
2025-04-07,148.81097412109375,150.95957014565508,140.05738472956295,140.05738472956295,15255208,13452,49.49995634750317
2025-04-08,153.03855895996094,156.17193892438087,151.25799141122425,156.17193892438087,11480673,17273,46.94558057228044
2025-04-09,150.8203125,154.1824903729336,149.51722420344228,153.17782283534038,7522115,9286,72.81237059751284
2025-04-11,153.38670349121094,156.84834475823303,152.39197776794975,155.67457569037364,8443458,4728,74.53199581213227
2025-04-15,166.09930419921875,167.85997305541588,157.76351259925883,158.1613968344363,27595431,4477,71.43044008221861
2025-04-16,175.4596710205078,178.7323119958579,173.0822771314099,176.09629488098517,115506723,7314,67.08740530462283
2025-04-17,172.49539184570312,174.47488632698168,171.6399271139268,174.07700210777364,18860517,3755,61.80225126528382
2025-04-21,174.74346923828125,175.47957175139516,170.19758049103714,172.98280042539184,16273864,10019,67.67588578258413
2025-04-22,177.69781494140625,178.32449704765733,172.88334574914197,175.07173945668836,15586863,3312,67.29890737454465
2025-04-23,176.7926025390625,182.23375358248262,173.08227975740817,178.85169211831717,31057252,4134,46.750815825522544
2025-04-24,174.2162628173828,180.82124102227954,173.18175474214792,177.0611789971663,17775832,5509,75.06675774296158
2025-04-25,166.6663055419922,175.49946004471116,165.4726376554962,174.21627048184786,17407389,3706,64.19452713158864
2025-04-28,167.00450134277344,168.40706825764698,164.63704926050264,165.63177498538147,11231636,9867,68.95854434500944
2025-04-29,167.2233428955078,170.23736063986402,166.81550170385708,167.84006799037763,7079798,9679,54.89709876482928
2025-04-30,166.1788787841797,167.6013444772971,163.73186197705826,167.11392340317948,10981945,14019,52.164447636282716
2025-05-02,164.22923278808594,167.3128736073378,163.43344912629772,165.27368271722764,7056422,11302,58.96007272156366
2025-05-05,167.85997009277344,168.70549305049082,164.2789513261368,165.42289504412562,7919383,12346,78.9010749489444
2025-05-06,159.38490295410156,167.85002881567254,158.9074388431851,167.62123096438492,10925576,3308,74.17714741992056
2025-05-07,161.51361083984375,162.1402929026001,155.72431502279113,156.20177912006216,12392991,11976,45.55059380913003
2025-05-08,157.95249938964844,164.0800138163685,156.61957049178392,162.6277226823701,6856306,5795,62.49912517732305
2025-05-09,155.65467834472656,157.16666570779165,152.19303704615268,152.3919791569562,11637047,7647,46.57133561031865
2025-05-12,167.11392211914062,167.95944505832935,162.1402934846424,164.1297449384417,12043565,9062,66.57105548213187
2025-05-13,166.1987762451172,168.4170103658206,165.27367342652778,167.6112849556908,8514560,14745,72.44841540200744
2025-05-14,166.905029296875,169.6902644723007,165.17421618128358,167.11392838581395,11858299,12890,47.73760920477282
2025-05-15,165.87051391601562,168.35732821760507,164.43810644977052,166.1092535531598,14774415,8204,76.28611327160833
2025-05-16,172.3760223388672,175.051837093882,166.1391026772652,166.61656679786344,24274411,6816,69.05942851716463
2025-05-19,173.31106567382812,177.57844770276952,171.9880785858373,173.2812251151623,17216917,17354,72.42416737316881
2025-05-20,168.6358642578125,174.97226276922535,168.2678205675668,174.5743785191387,9069123,11713,52.61724345838812
2025-05-21,171.30172729492188,172.08755395533652,166.60662056233804,168.80495595983277,9749056,10047,77.93811941296612
2025-05-22,169.7996826171875,170.9933504824242,167.42228868002988,169.6007405026998,7076795,7902,54.546220801761876
2025-05-23,170.94363403320312,171.54046040353464,168.33744212766226,170.09811103567796,6901899,15526,58.97065520455324
2025-05-26,172.63465881347656,174.26600845397087,170.9436280558671,170.9436280558671,9838997,13915,50.16383604492947
2025-05-27,174.3157501220703,174.72357615394588,170.37662937807374,172.88334257879885,8393528,4330,64.58588574780154
2025-05-28,172.6844024658203,176.563826958658,172.1969813666439,175.07173828013413,8484251,10062,53.029095847733515
2025-05-29,175.7183074951172,176.26540972388185,172.53518795272896,173.7189140899713,11420748,13333,78.84458953619767
2025-05-30,173.8084259033203,176.961704706806,172.33623604446908,176.20571860162516,8450040,3802,60.370159791473824
2025-06-02,174.28590393066406,175.4696148138389,172.0974951556612,173.76864229490792,6894857,3718,55.43025557330722
2025-06-03,171.8189697265625,174.57436422667672,170.784461654046,174.57436422667672,10167418,7244,53.38558020471025
2025-06-04,173.082275390625,175.8177711223734,170.59546108903558,171.77918712512172,12917090,8834,58.700914756534985
2025-06-05,175.50941467285156,178.05591017758795,173.30112228208256,173.56970248590864,17252049,9775,72.88937194479765
2025-06-06,173.94769287109375,175.01205674482918,171.6001394153398,173.0822862966699,16430543,10444,49.14449903349889
2025-06-09,182.2735595703125,185.59594007243405,174.43511547315128,174.76337680587267,55881568,5518,75.01129434422019
2025-06-10,181.49766540527344,184.9593067344835,180.6422006607681,183.41747880006793,23494178,3094,69.08063373351982
2025-06-11,181.3782958984375,183.50700847008227,178.55327831332218,180.9406141247386,20354805,3817,52.428579033108925
2025-06-12,174.62411499023438,182.52224016965735,173.57964987794273,181.23903540422987,15247001,17615,51.3703812684556
2025-06-13,166.37782287597656,169.24263788262147,161.91151398883156,166.11919964610848,40050180,5138,66.90456593873967
2025-06-16,167.04429626464844,169.19290763488024,164.12975695700135,167.11393435621954,14839323,7295,48.72627860884174
2025-06-17,164.09991455078125,168.3573397114954,163.65229098159753,167.11393247581228,10983695,6106,72.674210475307
2025-06-18,164.33865356445312,166.06946671566695,162.94602835892294,164.22923312100656,8146064,17208,64.06312100333245
2025-06-19,157.9127197265625,166.258468527341,157.2164147067375,164.12975593626967,19471217,7542,66.28086742185928
2025-06-20,164.1993865966797,165.62183713149938,158.96711944525362,161.74241278352716,32577822,4693,78.85999788946754
2025-06-23,164.59727478027344,165.82078323045033,161.6429380218553,162.13035911454384,12608797,15199,54.602429930337706
2025-06-24,165.2935791015625,168.10865484732625,164.73653509982887,167.11392907899886,12169462,17903,53.34118174102565
2025-06-25,170.6949462890625,171.7294543998043,165.76109984673653,166.119201727053,20188007,14492,68.17911085753693
2025-06-26,170.02847290039062,172.18704123304636,168.1583987265293,171.6399390099841,11124273,5597,53.546890383620365
2025-06-27,168.60601806640625,171.5901953773161,168.2081338296092,170.57557084167973,11806174,9025,48.49180349796906
2025-06-30,169.23269653320312,171.4907130550333,168.51649277966348,169.36200055932113,7327935,5490,50.9611088790973
2025-07-01,169.49131774902344,173.6791197809597,168.50653380503488,170.8938846812256,17480249,12562,59.89094483258104
2025-07-02,167.34271240234375,170.39652780849684,166.44746527871445,170.10804883471334,8179033,7604,67.40606194755526
2025-07-03,166.63645935058594,167.85996775451423,165.92025560723522,167.41234420949755,5327265,10417,75.77450679310743
2025-07-04,165.7909393310547,167.41234716452547,164.6569525804515,166.9448248466328,5613838,15306,61.9692512655515
2025-07-07,166.24851989746094,166.99456421194847,164.83601115009512,165.79093937278532,4183895,8130,61.72878471014946
2025-07-08,165.60194396972656,167.0840908493875,164.32869618278315,166.61656851749146,4694765,9636,78.78367875018874
2025-07-09,165.0349578857422,166.3877855543562,163.25439023879105,166.2186839930683,8823909,16349,48.640151412958964
2025-07-10,168.7452850341797,169.26254670295546,166.11920951484984,166.11920951484984,20692786,12622,69.74759418097847
2025-07-11,159.1561279296875,162.68740755378965,158.90744647979736,160.15085372924804,40559918,5095,49.815983595223685
2025-07-14,158.16139221191406,159.15611794909591,155.67457786895943,159.15611794909591,11904949,8532,64.89226105181768
2025-07-15,158.7980194091797,159.90216560775602,158.0718738557246,159.15612128921285,7758098,10761,74.9045011082618
2025-07-16,159.1859588623047,159.95190193157143,158.6587554346862,159.15611830438743,5109899,7064,51.697995443261846
2025-07-17,158.40013122558594,159.90216161858913,158.17133337855708,159.6534801852787,4479996,7575,72.25511333289994
2025-07-18,156.5598907470703,158.8577048826692,156.27142694777936,158.7482844391497,4930315,7258,51.572937855645534
2025-07-21,156.47036743164062,157.4551362346992,154.78927844348468,156.55988910858943,5457193,12098,65.74348642227115
2025-07-22,155.39605712890625,157.65408882042985,155.17721625069814,156.64940610366247,4399404,13666,64.76731090734053
2025-07-23,156.08242797851562,156.66931255417788,154.43117951768963,155.6745867601831,4995506,16276,66.3385819758742
2025-07-24,155.38612365722656,157.23631424951049,155.17722456109126,156.15205159366332,4352512,9720,67.26582358889974
2025-07-25,152.4417266845703,155.52538269209154,152.19304523810283,155.37616471722447,5486698,10052,65.67206914890274
2025-07-28,149.6962890625,154.96832358787591,149.10938931299603,152.44172676882656,6316214,7109,57.25827059078525
2025-07-29,149.6962890625,150.1737531900544,146.33411104734174,149.6962890625,7688547,5673,61.09936579874263
2025-07-30,149.42770385742188,150.96953181051768,149.20886297745676,150.12400884898793,5136389,11697,62.12509844301283
2025-07-31,146.60269165039062,149.36802812974403,144.23523941534137,148.21414257162664,7208345,12288,74.17219451093212
2025-08-01,144.92160034179688,147.86598013093504,144.43417924868402,146.6723122386274,5314027,14005,54.38893825005711
2025-08-04,147.24925231933594,147.70683284515766,145.09069925207606,145.72732312823425,5468185,13306,49.75248757793385
2025-08-05,145.8566436767578,148.21413888109572,145.22996158818773,147.24925367545728,3921938,5314,66.28497467331076
2025-08-06,143.59861755371094,146.5430126095707,142.8625149951682,145.9959103821613,4802241,6621,63.944986565331774
2025-08-07,143.80751037597656,144.68285872332567,139.52022960157393,143.04156729102436,6734089,17514,72.15368306631927
2025-08-08,141.5693817138672,144.7823417655375,141.25106217548807,144.24518133910047,4286844,9394,50.26695594087467
2025-08-11,144.09597778320312,144.32476046376408,140.80343786427468,141.84790297390396,4381853,4069,71.4687887754482
2025-08-12,142.8127899169922,145.17028519809816,142.5442097019576,144.13576186968186,2899573,13924,71.8069757353026
2025-08-13,143.479248046875,144.23523415480497,142.4944640874194,143.48918984021117,3146940,12615,55.361043500094034
2025-08-14,143.1012420654297,144.23522877417702,142.24577734280908,143.47924269444874,2888240,14625,61.76807479116282
2025-08-18,146.6126251220703,147.6172926478135,144.13575258368292,144.7723764454201,6107771,7511,50.705633527180325
2025-08-19,148.12461853027344,148.3136188557115,145.79696386377583,147.11993578522075,3724924,9579,73.55089777059246
2025-08-20,147.99530029296875,148.71150406863438,147.01051630685077,148.12461950139226,3377666,6689,56.27497829641001
2025-08-21,146.50320434570312,151.18836921391681,145.83673992779305,148.1146551717451,8194223,11260,73.87416169615828
2025-08-22,146.7021484375,148.41307793100523,145.8268001042559,146.32416297612812,3658082,3719,67.1707402212203
2025-08-25,146.92098999023438,148.69160060796747,145.9561048001055,147.1995119854973,5109249,6063,75.31593943492155
2025-08-26,143.40960693359375,147.88587272673698,143.04156326988343,147.16966898556925,5093969,3649,59.99457142612589
2025-08-28,140.2861785888672,143.88708113368904,139.88829433954177,143.24051543395746,7014954,8430,51.324024173682616
2025-08-29,139.75897216796875,141.74842372907864,139.2715510713049,140.74375615491005,5708698,15934,68.56397274248026
2025-09-01,141.75836181640625,141.98715966833578,140.01759174594773,140.40553418308892,4554608,17905,53.23670091201764
2025-09-02,143.37977600097656,145.97601094241708,141.69868697283735,142.49447064736796,6130396,16907,47.10106559497803
2025-09-03,144.93153381347656,145.22995456399607,143.73786598970844,144.03628674022795,3407827,3396,56.6784052991393
2025-09-04,143.25045776367188,147.02047706578713,143.01173328450804,146.91105662006666,4245679,8222,63.546398763694896
2025-09-05,144.74253845214844,145.43885861995955,142.4447243976409,144.03629166933715,3657064,3446,74.77575648698812
2025-09-08,144.78233337402344,146.52310340557364,144.51375317637172,145.23989871103439,2882119,3817,46.07047828085573
2025-09-09,144.3247528076172,145.41895718409978,143.59860727321154,144.92159431811862,2521588,8483,72.34780911879473
2025-09-10,146.79168701171875,148.3136162032341,144.67291629563212,144.67291629563212,6625296,12672,55.42859357415817
2025-09-11,145.8566436767578,147.67699364682895,145.72732447033908,146.79168832373202,3591765,10033,56.15139018605157
2025-09-12,146.57284545898438,147.67699164955962,145.95610517220666,146.62256960387853,4417254,15402,74.43911049792202
2025-09-15,151.5663604736328,153.62545009980428,147.10999328114002,147.11993507463217,17984216,6376,73.8125252119684
2025-09-16,152.13336181640625,152.61082593646867,149.76590962481598,152.0438401398278,5429477,9223,53.31341222273302
2025-09-17,153.15792846679688,153.8741322375456,152.19304325282457,152.87940646465134,5633032,7557,74.26263746367573
2025-09-18,154.70970153808594,158.4498650596127,153.38671441057,153.9835559583389,17949103,16074,70.63399509445986
2025-09-19,160.0215301513672,160.34979147766148,153.29718939403256,154.68979940408948,26176765,4209,55.40029989186459
2025-09-22,158.22108459472656,162.48846681097575,157.46509844482534,160.00165229093213,14677794,8292,50.541540820585155
2025-09-23,154.81912231445312,158.96712706323706,154.1824984120134,158.4598223713637,8095947,14295,51.596574079270525
2025-09-24,151.87472534179688,155.47564299938009,151.39726121563572,154.67985933690423,5142721,10589,74.65715860376076
2025-09-25,149.47744750976562,154.58038045012978,149.01986697159282,151.69568175367925,5060148,14834,48.681551938466136
2025-09-26,145.50848388671875,149.46748818684588,145.22996188640693,149.19892315831632,5121293,13147,69.11744438095188
2025-09-29,147.99530029296875,149.82559208486504,145.85664593788798,146.12521097002946,6447550,13900,70.68368358122453
2025-09-30,147.91571044921875,149.95490119600382,146.48330299433928,148.8010157264276,5826154,6001,67.39338181257123
2025-10-01,151.87472534179688,154.55054012798755,148.98008484727848,150.8799995582798,21170795,15106,47.32383439296465
2025-10-03,153.27728271484375,155.57509670195532,150.99936749208013,151.8448752479924,10126517,3109,45.63673057515629
2025-10-06,150.3627471923828,153.93380897260383,149.71616635142448,153.27728633839146,6858953,8215,76.01495185131462
2025-10-07,151.63600158691406,152.61082860945626,149.70623112921044,150.36275379223946,5953210,6810,69.74907453397745
2025-10-08,147.8560333251953,152.18309636372624,147.61729368350257,151.64593596449512,6214215,5213,56.08684068701481
2025-10-09,148.06494140625,149.2088700049636,146.23463439867263,147.85604230978615,7966035,14232,53.46929397889636
2025-10-10,150.16380310058594,151.44699261572083,148.21413398845584,148.5125547435577,4967262,4983,69.52155759414327
2025-10-13,149.27850341796875,150.00464897930743,147.78641476468314,149.10938668034964,4860814,14492,70.04015328746647
2025-10-14,153.7050323486328,155.03796125600817,147.5277785533435,150.20359334005028,44012398,4120,47.569364702100096
2025-10-15,154.0730743408203,157.86297710663302,152.48150703302676,155.56516300001024,28256777,4741,78.21432258843956
2025-10-16,152.32235717773438,155.1772151898734,152.05377697844042,155.07773654470967,8073946,8777,67.24157667099422
2025-10-17,150.25332641601562,152.57103921706346,148.84081768329102,152.19303857791522,7076999,8251,73.37096600210415
2025-10-20,152.4417266845703,154.16259804419826,150.74073891227587,150.74073891227587,6935396,6559,47.420764751388624
2025-10-21,152.33230590820312,153.20766945491584,151.85484178195568,152.193044905618,1964004,15903,50.113965390285614
2025-10-23,152.73019409179688,154.57044291045088,152.22288939321163,152.83961453795973,6341599,15242,54.333467583611124
2025-10-24,152.59092712402344,154.37149475308,151.94436144451998,152.73018812476158,6503396,15255,51.109709317466496
2025-10-27,152.5610809326172,154.92853303607032,152.32235647062873,152.76998001516725,7162776,4658,66.14090055593914
2025-10-28,150.67111206054688,153.17782522532582,150.10411109183653,153.08828837142224,8270601,10994,45.45001127141084
2025-10-29,154.74949645996094,155.9232655915843,150.3527951673868,150.9396949115093,9965445,10767,48.08262536405542
2025-10-30,152.92913818359375,155.83373547459837,152.30245612077664,155.13743050386267,5699289,12287,57.18011786230643
2025-10-31,151.12867736816406,153.9338112957829,150.6213726949675,152.92914374279383,4278444,9322,68.62533871082856
2025-11-03,152.491455078125,152.92913682106217,150.76062687059434,151.34751139939198,3593706,17552,51.38472035005826
2025-11-04,150.21353149414062,152.6307229827084,149.6564874972901,152.6307229827084,5500388,9476,73.97191656103878
2025-11-06,147.77645874023438,150.70095494795208,147.4183568540177,150.40253417971974,5841929,7339,52.99483400221703
2025-11-07,148.58218383789062,149.5968083761543,145.4786442835673,147.2194143861057,5338117,11560,66.10997612411157
2025-11-10,147.92567443847656,149.45754543032072,147.63719546824134,149.15912466667794,3224588,9735,71.93988178342909
2025-11-11,148.25392150878906,148.6020815982664,145.8069046239099,148.11466050866025,4634146,8028,77.57764392682911
2025-11-12,150.1339569091797,152.6705107213387,148.76124563373884,148.9701295507726,6667190,15744,55.56532679395645
2025-11-13,148.5026092529297,151.3276420842138,148.2638847730404,150.1638147098196,4602992,13103,53.99452495703375
2025-11-14,148.8209228515625,150.15385173872943,147.52777631668403,148.72144420337543,5447973,3367,69.36438156668783
2025-11-17,149.91513061523438,151.57632086453188,148.72144752358327,148.8209261739912,5346259,7759,64.70825822732527
2025-11-18,147.2989959716797,150.203593440658,147.21941608753235,150.203593440658,5482207,16356,71.11646934773287
2025-11-19,146.3241729736328,147.58746382611832,145.72733141528323,147.21942013284584,3350146,15279,72.00686987849085
2025-11-20,145.86659240722656,147.37857989079956,145.677592074491,146.51315811344793,3146750,9145,53.42604370670997
2025-11-21,143.64834594726562,145.99589927123586,143.24050475620703,145.72731907489117,4102741,10816,69.65938381322016
2025-11-24,141.7384796142578,144.39439558344708,141.45000064276712,143.6483512602486,3755997,15395,54.526108033728185
2025-11-25,140.61444091796875,142.52431264918036,139.78881667539147,141.73848593880342,4975277,8899,62.707401607965934
2025-11-26,143.5886688232422,144.02633540571523,141.3505358742168,141.36047766757625,3691030,7254,67.92446240920926
2025-11-27,143.00177001953125,144.71269954370152,142.34526255240917,143.67819143012235,2478216,14326,61.82708417268746
2025-11-28,142.14630126953125,143.43944775895892,141.66883716729845,143.1609257677973,2469997,4527,58.034093692161456
2025-12-01,141.728515625,143.5389237119108,141.25105153172095,142.14629860390792,3070252,11335,55.18866897547121
2025-12-02,139.44064331054688,141.63899381706327,138.87365754625702,141.26099318866346,5527876,16763,70.78338815522996
2025-12-03,136.11827087402344,140.20659440036167,135.48164698765424,139.5003476027373,6328520,15900,57.28346488000859
2025-12-04,136.02874755859375,138.06793840043588,135.58112400265537,136.27742899837182,4460457,8106,73.19292085380079
2025-12-05,132.6964111328125,136.5658937559956,131.30380113152964,136.0287485207324,11660475,13021,63.54958669952919
2025-12-08,130.51797485351562,134.03929739798178,129.0955091108563,132.984890511173,9036262,12110,58.317662014387466
2025-12-09,133.75083923339844,134.26808572676475,128.42905007291031,130.30908124867864,10090650,11788,60.79471979499772
2025-12-10,132.31842041015625,135.61096013686915,131.30379591903687,134.287973099015,5960605,5794,74.71165174900548
2025-12-11,133.77072143554688,134.19846142259314,131.55248714979132,132.31843026629946,4341676,14339,68.96990974615386
2025-12-12,135.4617462158203,135.91932674220357,133.7906142307208,134.2879771089019,3598713,15782,51.21115353855431
2025-12-15,134.7455596923828,135.44186469680446,133.79061627323978,135.44186469680446,2980237,4213,56.00684354388656
2025-12-16,133.1639404296875,134.78534837046567,132.54721527944318,134.74556601619344,2540425,13793,58.2847818973858
2025-12-17,130.73680114746094,133.50215276230102,130.30907635037332,132.79589078454075,4043309,9871,58.951235471753954
2025-12-18,130.7268524169922,131.90063666035482,128.89656073336263,130.60749018754547,4469203,12623,76.30951158389671
2025-12-19,132.48753356933594,132.7163162565841,130.35882093492378,131.3038074223771,4037139,4380,75.06383653094164
2025-12-22,134.95443725585938,135.69053975636828,133.06446445015246,133.29324711691885,5217248,12944,59.19696715758106
2025-12-23,137.99830627441406,140.35581674662572,134.66598394438972,135.48165120938404,13763143,6611,53.843432893204046
2025-12-24,137.3716278076172,139.21186128000954,136.82452562673464,138.2668748830178,5479430,16938,59.18345517921972
2025-12-26,140.2463836669922,142.54419763429544,136.486321688076,137.0334086872931,22038445,6027,48.166760832120374
2025-12-29,137.97842407226562,141.99710967461743,137.37164071976352,141.24112352162766,7619648,3070,61.12332929646241
2025-12-30,136.13816833496094,137.95851830002272,134.90470292642814,137.95851830002272,6007412,13084,67.43994822289989
2025-12-31,139.16212463378906,140.50501045101666,136.12822327643298,136.13816506961837,7422921,12866,60.90192841317872
2026-01-01,138.62498474121094,141.54948095098487,138.0082596171917,140.25633440660928,8273710,11234,70.37938352769946
2026-01-02,145.86659240722656,146.8215358648283,139.31135295151728,139.31135295151728,28577864,8651,65.022487128557
2026-01-05,143.80751037597656,148.69160232094615,142.88240752666616,146.7220495665225,12236304,9803,45.66447876788902
2026-01-06,142.7928924560547,145.24986641060778,141.57932575873247,143.8274006156138,8695194,5029,64.53875279765101
2026-01-07,145.25979614257812,145.52837633776514,142.09657562843563,142.9420833861577,9089693,6671,45.82718702979511
2026-01-08,140.4353790283203,146.12521173228316,139.75897278016922,145.52838536832238,10554455,9934,45.30696350157151
2026-01-09,135.8894805908203,140.89294972512408,134.88481308243647,140.25632587438693,15649670,10278,78.63561759344329
2026-01-12,140.75369262695312,141.72851960511397,136.73500730390512,139.25166221929535,50046560,6957,72.90982365795523
2026-01-13,139.2516632080078,142.24578225134437,137.5208349387997,140.65421498000518,15616131,12210,71.99772978430657
2026-01-14,137.3716278076172,141.00237060912067,136.9737284131981,138.2668748830178,8600026,16836,54.73216213755496
2026-01-15,137.3716278076172,137.3716278076172,137.3716278076172,137.3716278076172,0,10733,54.56204218926641
2026-01-16,135.5711669921875,138.74434459137794,134.84502143817014,138.03809780246408,8246756,16097,64.84692574203082
2026-01-19,133.88014221191406,135.7203910191863,133.0744167398397,135.57117304171734,10537465,4804,49.04612084520266
2026-01-20,129.25466918945312,134.09897884005645,128.76724809718021,133.70109460274313,11729376,10686,68.39472691208617
2026-01-21,126.70816802978516,130.40855676124914,125.60402179896228,129.25467120540864,13750584,4950,70.12488963866895
2026-01-22,129.2447052001953,130.8561711839333,127.92173335272032,128.8468209844854,8580673,3525,69.88888050424681
2026-01-23,126.72806549072266,130.299134976037,126.33017366214466,129.82165567475693,8841839,11064,58.15585492210253
2026-01-27,128.20025634765625,129.31434430305413,125.4846517780639,127.12595074281829,10136248,16713,74.78757695708225
2026-01-28,133.1639404296875,133.64141975082322,128.32957234594647,129.30441457619827,10440084,13015,74.51661199457654
2026-01-29,132.55714416503906,133.90002996020712,130.95563514650743,133.79060952372447,6860132,13401,67.46656604475739
2026-01-30,131.3833770751953,132.24878360873876,129.8117085904047,131.33363775271704,6513022,3791,55.34358584626719
2026-02-02,126.76785278320312,127.92173830304897,123.59467519278229,127.53379586531068,9565522,17972,70.64627457039394
2026-02-03,128.8567657470703,133.9597136529404,128.6080843119431,132.8456256806297,8032191,10467,63.89366589919332
2026-02-04,131.0650634765625,131.8011660188977,127.72278424434708,128.8567710278678,7136455,13969,77.83931686692004
2026-02-05,129.2447052001953,131.4629544787924,128.429038004497,131.06505508477255,5242856,11590,50.95316077198213
2026-02-06,127.61336517333984,128.8766711790685,125.18623940155946,128.45888816783852,10282823,7124,55.738733863009315
2026-02-09,128.13063049316406,129.7619802314363,127.88194903807188,128.8169937377483,5427943,14309,78.09528073510492
2026-02-10,128.59814453125,129.7221894926753,127.9217383027073,128.41910118074534,4986434,16002,66.93824928953947
2026-02-11,126.00190734863281,128.81698300717525,124.73860900122699,128.59814213065889,12883457,14013,46.82955648940499
2026-02-12,124.55956268310547,125.73333940044928,123.44546708369519,125.63386834084159,10994504,9922,56.58398731559888
2026-02-13,122.90830993652344,123.92293444067784,121.00838772055607,123.89309388275949,10190497,4714,47.982069409840136
2026-02-16,126.3998031616211,127.07621698809852,121.61517464132298,122.74916141083582,12339521,17483,55.290506636497526
2026-02-17,126.36001586914062,126.9170598829214,125.58413096733011,126.39980581143288,5252696,15924,45.873398750959076
2026-02-18,127.19558715820312,127.87200098651911,125.46475885126921,126.45948462296005,4939699,10377,51.85095766723512
2026-02-19,125.05692291259766,128.11072308234745,124.3407191559943,127.1955847999118,4783277,10644,54.98855229817209
2026-02-20,125.98201751708984,127.06626493974495,123.84335564080317,124.34071851486262,5752620,16923,49.16721175556061
2026-02-23,126.5589599609375,126.82753257304037,124.41034870749387,126.1710099381031,6011063,17843,76.64451378523594
2026-02-24,125.34539794921875,126.92700830023865,123.99257027819466,125.61397057120415,6387831,16494,53.37170223849354
2026-02-25,124.82813262939453,126.66837375476663,123.54493549721911,126.66837375476663,5795505,11802,52.898476969355556
2026-02-26,124.092041015625,126.15112307600542,123.06747467681497,124.82813596762792,5057763,4311,60.460118807849376
2026-02-27,121.605224609375,123.8433575776457,121.35654316845603,123.34599469580776,6156137,9006,51.11816298332445
2026-03-02,115.31855773925781,118.77025734308403,114.1447810380886,115.29866656327252,12595759,13315,72.3402676260398
2026-03-04,112.9212646484375,114.03536022889655,111.61817633468527,113.05058385396758,10489846,10804,68.72542023508196
2026-03-05,115.0400390625,115.57719189947727,112.20507208052733,112.96105821628304,8974731,7447,74.44884081303906
2026-03-06,116.66143798828125,119.7152458220941,114.47304431311804,115.88555309598075,12595130,13190,56.12503543753326
2026-03-09,113.74688720703125,114.62225071802914,111.47891372700062,112.6228498494105,7968912,7701,74.53997383582639
2026-03-10,116.35307312011719,116.88027655755879,113.806577608329,115.93529012318105,6188063,10280,73.82794618177954
2026-03-11,114.19451904296875,118.54146570988094,113.39873540795261,116.69127520925035,6491893,15037,71.9332024518535
2026-03-12,116.41275787353516,118.32262956703637,111.99617294180253,113.39873994710078,9357674,7674,74.46435289598453
2026-03-13,114.24425506591797,118.31268747921425,113.60763116966687,116.38291702480315,11395700,15340,53.58699032775509
2026-03-16,114.58246612548828,115.55729314930909,111.47891893003168,114.24425541068427,7970878,10168,72.47715009557008
2026-03-17,115.58712768554688,116.08449055439888,113.39873409826004,115.33844625112086,6073558,5231,71.14597747207299
2026-03-18,117.3478012084961,118.85978105135834,115.78608204108711,116.38291598987075,7510333,5610,76.48772270166691
2026-03-19,115.96513366699219,117.1488521887842,114.11494310246735,115.38819089113919,7033332,10428,51.05357299745745
2026-03-20,115.75624084472656,119.86445555187755,114.90077607348944,117.37764112134067,12638739,3953,75.0017959067749
2026-03-23,109.9271469116211,114.44320281581739,109.41983464421624,114.3934634916806,10405779,16235,73.06264536248106
2026-03-24,113.76678466796875,114.59240125753166,111.0412306988869,113.29926235979941,9452505,9588,78.78437447217945
2026-03-25,118.57130432128906,119.54613887872041,114.85103220535485,114.85103220535485,12930750,17497,70.76432718930258
2026-03-27,113.70709991455078,118.37236618691783,113.408686738161,118.37236618691783,13334864,13835,54.98278537231609
2026-03-30,108.40522003173828,113.57779110876695,108.07695869934327,112.46369549086062,15254568,17898,68.7177732268269
2026-04-01,113.16000366210938,114.39346146951284,110.74281978140476,113.3688951593116,9564890,16827,47.415745991957046
2026-04-02,114.94000244140625,115.30000305175781,109.8499984741211,111.9800033569336,8822348,15388,70.65263411451748
2026-04-06,115.58000183105469,115.88999938964844,111.54000091552734,114.94000244140625,8849494,6002,45.12129698077903
2026-04-07,115.68000030517578,116.0,113.55000305175781,114.5999984741211,6272921,16257,57.60087430977423
2026-04-08,122.45999908447266,123.0,119.0,119.0,11246542,13493,63.46681340254817
2026-04-09,123.12999725341797,123.75,120.30999755859375,122.0,10836914,5599,74.90022867844318
2026-04-10,123.72000122070312,126.6500015258789,123.12000274658203,124.0,9496589,8241,64.57716212232297
2026-04-13,123.3499984741211,124.0999984741211,118.37999725341797,120.05000305175781,9088719,13874,76.67433839169357
2026-04-15,126.44999694824219,127.19000244140625,125.0,125.6500015258789,9861633,7726,65.85731408808181
2026-04-16,129.42999267578125,130.69000244140625,127.0999984741211,128.5,17603153,4164,74.0013675049642
2026-04-17,133.00999450683594,134.1999969482422,129.1999969482422,129.9499969482422,17129042,11447,54.66760812268798
2026-04-20,130.13999938964844,133.49000549316406,129.5,133.49000549316406,9723971,6224,68.28788424364662
2026-04-21,128.86000061035156,131.38999938964844,128.5500030517578,130.00999450683594,7392872,4468,54.31269088684785
2026-04-22,140.4499969482422,142.85000610351562,128.67999267578125,128.86000061035156,73264311,7518,62.32064136567368
2026-04-23,137.52000427246094,141.94000244140625,137.0,140.39999389648438,21390031,5693,59.775279080342145
2026-04-24,135.88999938964844,138.63999938964844,134.16000366210938,137.5,11029706,15365,68.39964130729177
2026-04-27,138.0,139.72999572753906,136.22000122070312,136.22000122070312,10860811,16694,62.77872411879408
2026-04-28,138.0500030517578,140.0800018310547,136.7899932861328,138.60000610351562,9258413,6705,69.5393546673194
2026-04-29,137.2100067138672,139.58999633789062,136.8000030517578,138.77000427246094,6222771,5565,69.67231514547514
2026-04-30,135.10000610351562,136.82000732421875,133.39999389648438,136.82000732421875,5951746,15888,66.94960972961582
2026-05-01,135.10000610351562,135.10000610351562,135.10000610351562,135.10000610351562,0,3246,63.603774603018444
2026-05-04,135.36000061035156,137.25,134.05999755859375,136.0,6076507,13047,72.44376869119976
2026-05-05,135.27000427246094,136.58999633789062,134.17999267578125,135.36000061035156,5329391,14942,77.1301826981913
2026-05-06,136.41000366210938,137.3300018310547,134.36000061035156,136.64999389648438,5746997,17316,78.4191856166939
2026-05-07,135.55999755859375,137.4499969482422,135.3000030517578,136.3699951171875,6033015,12166,62.80390575494731
2026-05-08,134.60000610351562,135.99000549316406,133.6999969482422,135.0,6088689,10688,78.81603122956852
2026-05-11,130.67999267578125,133.99000549316406,130.2100067138672,133.85000610351562,6439252,15169,53.232972400491896
2026-05-12,124.69000244140625,130.8699951171875,124.19999694824219,130.0,8466638,7885,60.41962786193139
2026-05-13,128.25,129.35000610351562,124.69000244140625,125.05000305175781,8922630,3744,69.86746179430722
2026-05-14,128.6199951171875,132.55999755859375,126.16000366210938,129.4499969482422,8759307,3094,45.10566629492635
2026-05-15,127.0999984741211,129.8300018310547,126.5999984741211,129.33999633789062,6413585,13773,76.55655461357881
2026-05-18,126.91999816894531,127.44999694824219,122.5,125.63999938964844,7686807,5390,58.721138938416175
2026-05-19,127.7699966430664,129.39999389648438,127.0199966430664,127.75,4343861,13858,72.77535582882713
2026-05-20,126.7699966430664,127.44999694824219,125.72000122070312,126.80999755859375,5406038,6285,64.20759599771111
2026-05-21,127.87000274658203,129.5500030517578,127.20999908447266,128.0,5175967,16198,53.47918349433883
2026-05-22,129.00999450683594,129.66000366210938,127.36000061035156,129.0,4518710,10868,46.70844699548736
2026-05-25,129.77000427246094,132.38999938964844,129.25,130.0,7175829,5205,54.586953581957985
2026-05-26,129.5399932861328,130.88999938964844,128.5500030517578,129.9499969482422,5282274,15623,64.33873012441025
2026-05-27,130.1999969482422,131.19000244140625,128.99000549316406,129.5399932861328,5122289,4173,56.67507459708577
2026-05-28,130.1999969482422,130.1999969482422,130.1999969482422,130.1999969482422,0,7700,76.03103339418736
2026-05-29,133.25,135.5,129.57000732421875,131.0,31424380,8003,74.97461285553503
2026-06-01,126.2699966430664,132.58999633789062,125.5199966430664,132.5800018310547,22746116,17529,58.57490806915533
2026-06-02,124.93000030517578,125.30000305175781,122.80000305175781,124.77999877929688,9621872,3467,57.42701171343494
2026-06-03,122.83000183105469,124.9000015258789,121.55000305175781,124.87999725341797,8224643,3077,60.978004386895684
2026-06-04,123.23999786376953,124.0999984741211,122.0,122.0,4344949,15227,52.34782558587173
2026-06-05,123.43000030517578,125.66999816894531,122.75,123.4800033569336,5141536,8090,72.89419809013678
2026-06-08,120.16000366210938,122.25,119.69999694824219,122.25,5900450,15845,51.38405281302585
2026-06-09,122.47000122070312,123.16999816894531,120.0,120.01000213623047,6352175,10980,54.02766682997974
2026-06-10,120.58000183105469,123.5,120.25,123.23999786376953,4124541,3056,75.94425210736588
2026-06-11,118.30000305175781,119.4000015258789,117.75,119.4000015258789,4294296,5025,48.73549803998339
2026-06-12,122.12999725341797,122.75,119.55999755859375,120.05999755859375,4408471,10486,70.04690798432877
2026-06-15,124.81999969482422,126.26000213623047,124.41000366210938,125.0,6283172,12256,60.68620589609988
2026-06-16,126.1500015258789,126.77999877929688,124.55000305175781,125.43000030517578,4569823,4390,56.857718218971925
2026-06-17,126.45999908447266,127.0,124.72000122070312,126.26000213623047,5746064,6775,50.69558422854381
2026-06-18,127.95999908447266,128.5,126.12999725341797,127.01000213623047,6369158,13822,52.87656133200662
2026-06-19,127.1500015258789,128.19000244140625,126.33000183105469,127.5,3976588,10863,53.33501786492488
2026-06-22,130.85000610351562,133.19000244140625,127.9000015258789,128.0,12728720,7883,45.464016793254444
2026-06-23,127.30999755859375,131.24000549316406,127.0,131.0,5336066,5699,72.09826968660127
2026-06-24,127.5199966430664,128.35000610351562,126.0,126.94999694824219,6968284,16770,73.83575903214869
2026-06-25,127.47000122070312,129.27999877929688,126.66000366210938,128.3000030517578,5419903,10995,52.228264197519394
2026-06-26,127.47000122070312,127.47000122070312,127.47000122070312,127.47000122070312,0,13650,63.75302043836841
2026-06-29,127.48999786376953,128.25,126.0999984741211,126.9000015258789,5490770,4518,63.67444839578772
2026-06-30,128.69000244140625,130.60000610351562,127.06999969482422,127.75,6157760,6765,66.37349598585138
2026-07-01,127.93000030517578,129.19000244140625,127.61000061035156,128.77999877929688,2944170,15839,46.14305525004622
2026-07-02,128.5800018310547,129.08999633789062,127.79000091552734,128.22999572753906,3462200,3883,45.440391876123975
2026-07-03,128.49000549316406,130.1699981689453,127.87999725341797,129.6199951171875,3308660,9564,57.73432828661698
2026-07-06,126.73999786376953,128.5399932861328,126.5,128.0500030517578,2591729,7896,72.07613822203434
2026-07-07,125.16000366210938,127.33000183105469,124.91999816894531,127.0,3351443,17631,52.75992112164879
2026-07-08,121.16999816894531,124.8499984741211,120.55000305175781,124.44999694824219,5624308,10550,73.41899675909303
2026-07-09,121.80999755859375,122.55999755859375,121.16999816894531,121.16999816894531,2880002,3383,53.29840406198313
2026-07-10,126.4000015258789,126.73999786376953,122.19999694824219,122.19999694824219,6790090,6124,58.72297138993457
2026-07-13,124.80999755859375,125.4000015258789,123.5,124.25,3752022,4411,64.81483353456026
2026-07-14,122.08000183105469,124.19000244140625,121.5,123.5999984741211,5424746,9181,73.16499093307063
2026-07-15,121.36000061035156,123.47000122070312,121.06999969482422,121.9800033569336,3752247,10789,70.63914682873802
2026-07-16,120.83000183105469,122.0999984741211,120.5,121.44000244140625,3418650,11975,76.25163565142914
2026-07-17,121.63999938964844,121.97000122070312,119.80000305175781,120.80000305175781,3743488,13323,78.44800244930028
2026-07-20,121.83000183105469,122.58000183105469,120.30000305175781,120.5,3374957,11032,46.81199782100863
2026-07-21,121.1500015258789,122.30000305175781,120.80999755859375,121.83000183105469,2620419,9127,47.52165862777408
2026-07-22,119.68000030517578,121.25,119.4000015258789,121.1500015258789,3159003,6931,63.951352170298506
2026-07-23,119.58000183105469,121.0,118.68000030517578,119.5,3293469,12773,66.47643263052647
2026-07-24,120.4800033569336,120.75,117.41999816894531,118.61000061035156,4773314,9390,47.354992158337126
2026-07-27,120.29000091552734,121.83000183105469,119.55999755859375,120.79000091552734,4198411,10513,48.40331126175792
2026-07-28,120.48999786376953,120.87000274658203,119.5,120.87000274658203,3844449,8046,55.505514938071
2026-07-29,120.81999969482422,121.47000122070312,120.0,120.4800033569336,3240985,12959,77.88651816210721
2026-07-30,119.87999725341797,120.61000061035156,119.26000213623047,120.0999984741211,3172319,12450,61.48927815803771
2026-07-31,119.58999633789062,120.5999984741211,119.19999694824219,119.5999984741211,4072312,10335,58.44629833128381
2026-08-03,123.0,123.9000015258789,120.19000244140625,120.37999725341797,7823276,15849,45.624153903550486
2026-08-04,120.3499984741211,121.5999984741211,118.19000244140625,121.29000091552734,16002448,16145,66.83598022528508
2026-08-05,120.69999694824219,121.3499984741211,119.0999984741211,121.3499984741211,8964128,17537,72.31811357217123
2026-08-06,121.0199966430664,122.12999725341797,120.0,120.25,6669871,7543,60.35933781522632
2026-08-07,119.80000305175781,121.9000015258789,119.55000305175781,120.5,4969707,9567,48.32634447639984
2026-08-10,120.0,120.79000091552734,118.52999877929688,119.80000305175781,6043852,14406,65.06379673690448
2026-08-11,118.69999694824219,119.77999877929688,118.4000015258789,119.6500015258789,3648191,14357,72.79367044570041
2026-08-12,117.80000305175781,119.0,117.0,118.69000244140625,4344077,8151,64.78189049580493
2026-08-13,117.4000015258789,117.95999908447266,117.0999984741211,117.80000305175781,2416661,8630,68.46730950409858
2026-08-14,116.25,117.69999694824219,116.1500015258789,117.01000213623047,3365825,14650,74.17259315978487
